Grupo;Codigo;Conta;Descricao;Saldo Anterior;Total de Debitos;Total de Creditos;Saldo Atual;Perc;Ano;Mes;Valor;Mes_Num
20;A;3110000;RECEITA DE VENDA MERCADORIAS E SERVICOS;-3932256.05;0.0;390850.55;-4323106.6;0.0;2020;Janeiro;-251106.56;1
20;A;3140000;CUSTO DE MERCADORIAS E SERVICOS;2146853.82;274300.58;4354.5;2416799.9;0.0;2020;Janeiro;140099.43;1
20;A;4000000;DESPESAS OPERACIONAIS;569600.18;82509.97;20867.52;631242.63;0.0;2020;Janeiro;46138.14;1
20;A;5000000;OUTROS RESULTADOS OPERACIONAIS;-954.2;0.0;0.0;-954.2;0.0;2020;Janeiro;1522.35;1
20;A;6111000;OUTRAS RECEITAS;-35910.5;0.0;67632.0;-103542.5;0.0;2020;Janeiro;0.0;1
20;A;3110000;RECEITA DE VENDA MERCADORIAS E SERVICOS;-4678086.02;0.0;307746.97;-4985832.99;0.0;2021;Janeiro;-314360.61;1
20;A;3140000;CUSTO DE MERCADORIAS E SERVICOS;2539479.33;165150.37;2565.7;2702064.0;0.0;2021;Janeiro;167174.0;1
20;A;4000000;DESPESAS OPERACIONAIS;665850.25;81676.55;33962.37;713564.43;0.0;2021;Janeiro;53955.52;1
20;A;5000000;OUTROS RESULTADOS OPERACIONAIS;308.14;199.9;265.0;243.04;0.0;2021;Janeiro;0.0;1
20;A;6111000;OUTRAS RECEITAS;-33000.0;0.0;0.0;-33000.0;0.0;2021;Janeiro;0.0;1
20;A;3110000;RECEITA DE VENDA MERCADORIAS E SERVICOS;-4863735.18;0.0;319017.75;-5182752.93;0.0;2022;Janeiro;-327937.45;1
20;A;3140000;CUSTO DE MERCADORIAS E SERVICOS;2578078.01;166921.49;4625.82;2740373.68;0.0;2022;Janeiro;172247.45;1
20;A;4000000;DESPESAS OPERACIONAIS;691727.5;85644.51;34843.49;742528.52;0.0;2022;Janeiro;42273.1;1
20;A;5000000;OUTROS RESULTADOS OPERACIONAIS;25024.39;0.0;0.0;25024.39;0.0;2022;Janeiro;-551.32;1
20;A;3110000;RECEITA DE VENDA MERCADORIAS E SERVICOS;-4612979.29;0.0;413408.32;-5026387.61;0.0;2023;Janeiro;-360150.96;1
20;A;3140000;CUSTO DE MERCADORIAS E SERVICOS;2416693.61;211997.88;9083.65;2619607.84;0.0;2023;Janeiro;197843.42;1
20;A;4000000;DESPESAS OPERACIONAIS;685760.53;85989.68;36185.82;735564.39;0.0;2023;Janeiro;57435.22;1
20;A;5000000;OUTROS RESULTADOS OPERACIONAIS;17626.92;665.06;0.0;18291.98;0.0;2023;Janeiro;0.0;1
20;A;3110000;RECEITA DE VENDA MERCADORIAS E SERVICOS;-3808724.36;0.0;257184.93;-4065909.29;0.0;2024;Janeiro;-283655.3;1
20;A;3140000;CUSTO DE MERCADORIAS E SERVICOS;1926450.14;129360.22;1626.65;2054183.71;0.0;2024;Janeiro;142686.38;1
20;A;4000000;DESPESAS OPERACIONAIS;756603.2;96770.9;31951.68;821422.42;0.0;2024;Janeiro;60421.06;1
20;A;5000000;OUTROS RESULTADOS OPERACIONAIS;514.44;227.83;0.0;742.27;0.0;2024;Janeiro;-960.0;1
20;A;3110000;RECEITA DE VENDA MERCADORIAS E SERVICOS;-3920484.31;0.0;301512.85;-4221997.16;0.0;2025;Janeiro;-360029.22;1
20;A;3140000;CUSTO DE MERCADORIAS E SERVICOS;1979260.43;150952.34;1937.63;2128275.14;0.0;2025;Janeiro;187536.32;1
20;A;4000000;DESPESAS OPERACIONAIS;815524.95;100000.19;25532.37;889992.77;0.0;2025;Janeiro;63272.37;1
20;A;5000000;OUTROS RESULTADOS OPERACIONAIS;-331.7;723.18;0.0;391.48;0.0;2025;Janeiro;0.0;1
20;A;3110000;RECEITA DE VENDA MERCADORIAS E SERVICOS;-1641725.26;0.0;323558.49;-1965283.75;0.0;2026;Janeiro;-323658.15;1
20;A;3140000;CUSTO DE MERCADORIAS E SERVICOS;806674.72;161762.78;1633.82;966803.68;0.0;2026;Janeiro;156627.99;1
20;A;4000000;DESPESAS OPERACIONAIS;357586.47;76073.25;6058.3;427601.42;0.0;2026;Janeiro;72084.72;1
20;A;5000000;OUTROS RESULTADOS OPERACIONAIS;1006.92;0.0;2130.78;-1123.86;0.0;2026;Janeiro;845.7;1
20;A;3110000;RECEITA DE VENDA MERCADORIAS E SERVICOS;-3932256.05;0.0;390850.55;-4323106.6;0.0;2020;Fevereiro;-249386.91;2
20;A;3140000;CUSTO DE MERCADORIAS E SERVICOS;2146853.82;274300.58;4354.5;2416799.9;0.0;2020;Fevereiro;140260.43;2
20;A;4000000;DESPESAS OPERACIONAIS;569600.18;82509.97;20867.52;631242.63;0.0;2020;Fevereiro;48327.05;2
20;A;5000000;OUTROS RESULTADOS OPERACIONAIS;-954.2;0.0;0.0;-954.2;0.0;2020;Fevereiro;1371.0;2
20;A;6111000;OUTRAS RECEITAS;-35910.5;0.0;67632.0;-103542.5;0.0;2020;Fevereiro;0.0;2
20;A;3110000;RECEITA DE VENDA MERCADORIAS E SERVICOS;-4678086.02;0.0;307746.97;-4985832.99;0.0;2021;Fevereiro;-306143.7;2
20;A;3140000;CUSTO DE MERCADORIAS E SERVICOS;2539479.33;165150.37;2565.7;2702064.0;0.0;2021;Fevereiro;166874.21;2
20;A;4000000;DESPESAS OPERACIONAIS;665850.25;81676.55;33962.37;713564.43;0.0;2021;Fevereiro;44488.98;2
20;A;5000000;OUTROS RESULTADOS OPERACIONAIS;308.14;199.9;265.0;243.04;0.0;2021;Fevereiro;-430.0;2
20;A;6111000;OUTRAS RECEITAS;-33000.0;0.0;0.0;-33000.0;0.0;2021;Fevereiro;0.0;2
20;A;3110000;RECEITA DE VENDA MERCADORIAS E SERVICOS;-4863735.18;0.0;319017.75;-5182752.93;0.0;2022;Fevereiro;-435485.7;2
20;A;3140000;CUSTO DE MERCADORIAS E SERVICOS;2578078.01;166921.49;4625.82;2740373.68;0.0;2022;Fevereiro;235073.11;2
20;A;4000000;DESPESAS OPERACIONAIS;691727.5;85644.51;34843.49;742528.52;0.0;2022;Fevereiro;48076.48;2
20;A;5000000;OUTROS RESULTADOS OPERACIONAIS;25024.39;0.0;0.0;25024.39;0.0;2022;Fevereiro;168.02;2
20;A;3110000;RECEITA DE VENDA MERCADORIAS E SERVICOS;-4612979.29;0.0;413408.32;-5026387.61;0.0;2023;Fevereiro;-436719.83;2
20;A;3140000;CUSTO DE MERCADORIAS E SERVICOS;2416693.61;211997.88;9083.65;2619607.84;0.0;2023;Fevereiro;231952.14;2
20;A;4000000;DESPESAS OPERACIONAIS;685760.53;85989.68;36185.82;735564.39;0.0;2023;Fevereiro;65981.62;2
20;A;5000000;OUTROS RESULTADOS OPERACIONAIS;17626.92;665.06;0.0;18291.98;0.0;2023;Fevereiro;0.0;2
20;A;3110000;RECEITA DE VENDA MERCADORIAS E SERVICOS;-3808724.36;0.0;257184.93;-4065909.29;0.0;2024;Fevereiro;-361685.89;2
20;A;3140000;CUSTO DE MERCADORIAS E SERVICOS;1926450.14;129360.22;1626.65;2054183.71;0.0;2024;Fevereiro;181101.67;2
20;A;4000000;DESPESAS OPERACIONAIS;756603.2;96770.9;31951.68;821422.42;0.0;2024;Fevereiro;64404.27;2
20;A;5000000;OUTROS RESULTADOS OPERACIONAIS;514.44;227.83;0.0;742.27;0.0;2024;Fevereiro;-1559.75;2
20;A;3110000;RECEITA DE VENDA MERCADORIAS E SERVICOS;-3920484.31;0.0;301512.85;-4221997.16;0.0;2025;Fevereiro;-360530.83;2
20;A;3140000;CUSTO DE MERCADORIAS E SERVICOS;1979260.43;150952.34;1937.63;2128275.14;0.0;2025;Fevereiro;181999.94;2
20;A;4000000;DESPESAS OPERACIONAIS;815524.95;100000.19;25532.37;889992.77;0.0;2025;Fevereiro;65218.3;2
20;A;5000000;OUTROS RESULTADOS OPERACIONAIS;-331.7;723.18;0.0;391.48;0.0;2025;Fevereiro;0.0;2
20;A;3110000;RECEITA DE VENDA MERCADORIAS E SERVICOS;-1641725.26;0.0;323558.49;-1965283.75;0.0;2026;Fevereiro;-295927.48;2
20;A;3140000;CUSTO DE MERCADORIAS E SERVICOS;806674.72;161762.78;1633.82;966803.68;0.0;2026;Fevereiro;143607.92;2
20;A;4000000;DESPESAS OPERACIONAIS;357586.47;76073.25;6058.3;427601.42;0.0;2026;Fevereiro;59539.09;2
20;A;5000000;OUTROS RESULTADOS OPERACIONAIS;1006.92;0.0;2130.78;-1123.86;0.0;2026;Fevereiro;254.5;2
20;A;3110000;RECEITA DE VENDA MERCADORIAS E SERVICOS;-3932256.05;0.0;390850.55;-4323106.6;0.0;2020;Marco;-199014.68;3
20;A;3140000;CUSTO DE MERCADORIAS E SERVICOS;2146853.82;274300.58;4354.5;2416799.9;0.0;2020;Marco;110493.91;3
20;A;4000000;DESPESAS OPERACIONAIS;569600.18;82509.97;20867.52;631242.63;0.0;2020;Marco;16571.67;3
20;A;5000000;OUTROS RESULTADOS OPERACIONAIS;-954.2;0.0;0.0;-954.2;0.0;2020;Marco;-5070.8;3
20;A;6111000;OUTRAS RECEITAS;-35910.5;0.0;67632.0;-103542.5;0.0;2020;Marco;0.0;3
20;A;3110000;RECEITA DE VENDA MERCADORIAS E SERVICOS;-4678086.02;0.0;307746.97;-4985832.99;0.0;2021;Marco;-445718.18;3
20;A;3140000;CUSTO DE MERCADORIAS E SERVICOS;2539479.33;165150.37;2565.7;2702064.0;0.0;2021;Marco;245245.34;3
20;A;4000000;DESPESAS OPERACIONAIS;665850.25;81676.55;33962.37;713564.43;0.0;2021;Marco;58277.35;3
20;A;5000000;OUTROS RESULTADOS OPERACIONAIS;308.14;199.9;265.0;243.04;0.0;2021;Marco;0.0;3
20;A;6111000;OUTRAS RECEITAS;-33000.0;0.0;0.0;-33000.0;0.0;2021;Marco;-3000.0;3
20;A;3110000;RECEITA DE VENDA MERCADORIAS E SERVICOS;-4863735.18;0.0;319017.75;-5182752.93;0.0;2022;Marco;-528942.26;3
20;A;3140000;CUSTO DE MERCADORIAS E SERVICOS;2578078.01;166921.49;4625.82;2740373.68;0.0;2022;Marco;281655.85;3
20;A;4000000;DESPESAS OPERACIONAIS;691727.5;85644.51;34843.49;742528.52;0.0;2022;Marco;69409.91;3
20;A;5000000;OUTROS RESULTADOS OPERACIONAIS;25024.39;0.0;0.0;25024.39;0.0;2022;Marco;227.8;3
20;A;3110000;RECEITA DE VENDA MERCADORIAS E SERVICOS;-4612979.29;0.0;413408.32;-5026387.61;0.0;2023;Marco;-548946.5;3
20;A;3140000;CUSTO DE MERCADORIAS E SERVICOS;2416693.61;211997.88;9083.65;2619607.84;0.0;2023;Marco;288646.37;3
20;A;4000000;DESPESAS OPERACIONAIS;685760.53;85989.68;36185.82;735564.39;0.0;2023;Marco;60039.97;3
20;A;5000000;OUTROS RESULTADOS OPERACIONAIS;17626.92;665.06;0.0;18291.98;0.0;2023;Marco;1904.65;3
20;A;3110000;RECEITA DE VENDA MERCADORIAS E SERVICOS;-3808724.36;0.0;257184.93;-4065909.29;0.0;2024;Marco;-396574.84;3
20;A;3140000;CUSTO DE MERCADORIAS E SERVICOS;1926450.14;129360.22;1626.65;2054183.71;0.0;2024;Marco;201286.78;3
20;A;4000000;DESPESAS OPERACIONAIS;756603.2;96770.9;31951.68;821422.42;0.0;2024;Marco;70583.08;3
20;A;5000000;OUTROS RESULTADOS OPERACIONAIS;514.44;227.83;0.0;742.27;0.0;2024;Marco;650.99;3
20;A;3110000;RECEITA DE VENDA MERCADORIAS E SERVICOS;-3920484.31;0.0;301512.85;-4221997.16;0.0;2025;Marco;-415654.1;3
20;A;3140000;CUSTO DE MERCADORIAS E SERVICOS;1979260.43;150952.34;1937.63;2128275.14;0.0;2025;Marco;208469.27;3
20;A;4000000;DESPESAS OPERACIONAIS;815524.95;100000.19;25532.37;889992.77;0.0;2025;Marco;80514.16;3
20;A;5000000;OUTROS RESULTADOS OPERACIONAIS;-331.7;723.18;0.0;391.48;0.0;2025;Marco;-821.69;3
20;A;3110000;RECEITA DE VENDA MERCADORIAS E SERVICOS;-1641725.26;0.0;323558.49;-1965283.75;0.0;2026;Marco;-357404.68;3
20;A;3140000;CUSTO DE MERCADORIAS E SERVICOS;806674.72;161762.78;1633.82;966803.68;0.0;2026;Marco;178520.53;3
20;A;4000000;DESPESAS OPERACIONAIS;357586.47;76073.25;6058.3;427601.42;0.0;2026;Marco;68791.4;3
20;A;5000000;OUTROS RESULTADOS OPERACIONAIS;1006.92;0.0;2130.78;-1123.86;0.0;2026;Marco;-221.18;3
20;A;3110000;RECEITA DE VENDA MERCADORIAS E SERVICOS;-3932256.05;0.0;390850.55;-4323106.6;0.0;2020;Abril;-349849.69;4
20;A;3140000;CUSTO DE MERCADORIAS E SERVICOS;2146853.82;274300.58;4354.5;2416799.9;0.0;2020;Abril;198215.64;4
20;A;4000000;DESPESAS OPERACIONAIS;569600.18;82509.97;20867.52;631242.63;0.0;2020;Abril;50905.51;4
20;A;5000000;OUTROS RESULTADOS OPERACIONAIS;-954.2;0.0;0.0;-954.2;0.0;2020;Abril;1273.77;4
20;A;6111000;OUTRAS RECEITAS;-35910.5;0.0;67632.0;-103542.5;0.0;2020;Abril;0.0;4
20;A;3110000;RECEITA DE VENDA MERCADORIAS E SERVICOS;-4678086.02;0.0;307746.97;-4985832.99;0.0;2021;Abril;-460196.05;4
20;A;3140000;CUSTO DE MERCADORIAS E SERVICOS;2539479.33;165150.37;2565.7;2702064.0;0.0;2021;Abril;254377.56;4
20;A;4000000;DESPESAS OPERACIONAIS;665850.25;81676.55;33962.37;713564.43;0.0;2021;Abril;70651.01;4
20;A;5000000;OUTROS RESULTADOS OPERACIONAIS;308.14;199.9;265.0;243.04;0.0;2021;Abril;580.65;4
20;A;6111000;OUTRAS RECEITAS;-33000.0;0.0;0.0;-33000.0;0.0;2021;Abril;0.0;4
20;A;3110000;RECEITA DE VENDA MERCADORIAS E SERVICOS;-4863735.18;0.0;319017.75;-5182752.93;0.0;2022;Abril;-454540.93;4
20;A;3140000;CUSTO DE MERCADORIAS E SERVICOS;2578078.01;166921.49;4625.82;2740373.68;0.0;2022;Abril;241566.88;4
20;A;4000000;DESPESAS OPERACIONAIS;691727.5;85644.51;34843.49;742528.52;0.0;2022;Abril;62973.22;4
20;A;5000000;OUTROS RESULTADOS OPERACIONAIS;25024.39;0.0;0.0;25024.39;0.0;2022;Abril;177.89;4
20;A;3110000;RECEITA DE VENDA MERCADORIAS E SERVICOS;-4612979.29;0.0;413408.32;-5026387.61;0.0;2023;Abril;-394060.25;4
20;A;3140000;CUSTO DE MERCADORIAS E SERVICOS;2416693.61;211997.88;9083.65;2619607.84;0.0;2023;Abril;208176.1;4
20;A;4000000;DESPESAS OPERACIONAIS;685760.53;85989.68;36185.82;735564.39;0.0;2023;Abril;70146.63;4
20;A;5000000;OUTROS RESULTADOS OPERACIONAIS;17626.92;665.06;0.0;18291.98;0.0;2023;Abril;-214.1;4
20;A;3110000;RECEITA DE VENDA MERCADORIAS E SERVICOS;-3808724.36;0.0;257184.93;-4065909.29;0.0;2024;Abril;-472442.78;4
20;A;3140000;CUSTO DE MERCADORIAS E SERVICOS;1926450.14;129360.22;1626.65;2054183.71;0.0;2024;Abril;238228.45;4
20;A;4000000;DESPESAS OPERACIONAIS;756603.2;96770.9;31951.68;821422.42;0.0;2024;Abril;72112.03;4
20;A;5000000;OUTROS RESULTADOS OPERACIONAIS;514.44;227.83;0.0;742.27;0.0;2024;Abril;185.5;4
20;A;3110000;RECEITA DE VENDA MERCADORIAS E SERVICOS;-3920484.31;0.0;301512.85;-4221997.16;0.0;2025;Abril;-366943.6;4
20;A;3140000;CUSTO DE MERCADORIAS E SERVICOS;1979260.43;150952.34;1937.63;2128275.14;0.0;2025;Abril;188412.72;4
20;A;4000000;DESPESAS OPERACIONAIS;815524.95;100000.19;25532.37;889992.77;0.0;2025;Abril;81999.71;4
20;A;5000000;OUTROS RESULTADOS OPERACIONAIS;-331.7;723.18;0.0;391.48;0.0;2025;Abril;0.0;4
20;A;3110000;RECEITA DE VENDA MERCADORIAS E SERVICOS;-1641725.26;0.0;323558.49;-1965283.75;0.0;2026;Abril;-310009.43;4
20;A;3140000;CUSTO DE MERCADORIAS E SERVICOS;806674.72;161762.78;1633.82;966803.68;0.0;2026;Abril;153720.24;4
20;A;4000000;DESPESAS OPERACIONAIS;357586.47;76073.25;6058.3;427601.42;0.0;2026;Abril;81347.93;4
20;A;5000000;OUTROS RESULTADOS OPERACIONAIS;1006.92;0.0;2130.78;-1123.86;0.0;2026;Abril;127.9;4
20;A;3110000;RECEITA DE VENDA MERCADORIAS E SERVICOS;-3932256.05;0.0;390850.55;-4323106.6;0.0;2020;Maio;-403608.91;5
20;A;3140000;CUSTO DE MERCADORIAS E SERVICOS;2146853.82;274300.58;4354.5;2416799.9;0.0;2020;Maio;224933.75;5
20;A;4000000;DESPESAS OPERACIONAIS;569600.18;82509.97;20867.52;631242.63;0.0;2020;Maio;59953.05;5
20;A;5000000;OUTROS RESULTADOS OPERACIONAIS;-954.2;0.0;0.0;-954.2;0.0;2020;Maio;-1072.88;5
20;A;6111000;OUTRAS RECEITAS;-35910.5;0.0;67632.0;-103542.5;0.0;2020;Maio;-18578.5;5
20;A;3110000;RECEITA DE VENDA MERCADORIAS E SERVICOS;-4678086.02;0.0;307746.97;-4985832.99;0.0;2021;Maio;-464048.84;5
20;A;3140000;CUSTO DE MERCADORIAS E SERVICOS;2539479.33;165150.37;2565.7;2702064.0;0.0;2021;Maio;261648.29;5
20;A;4000000;DESPESAS OPERACIONAIS;665850.25;81676.55;33962.37;713564.43;0.0;2021;Maio;61512.33;5
20;A;5000000;OUTROS RESULTADOS OPERACIONAIS;308.14;199.9;265.0;243.04;0.0;2021;Maio;365.04;5
20;A;6111000;OUTRAS RECEITAS;-33000.0;0.0;0.0;-33000.0;0.0;2021;Maio;0.0;5
20;A;3110000;RECEITA DE VENDA MERCADORIAS E SERVICOS;-4863735.18;0.0;319017.75;-5182752.93;0.0;2022;Maio;-497792.41;5
20;A;3140000;CUSTO DE MERCADORIAS E SERVICOS;2578078.01;166921.49;4625.82;2740373.68;0.0;2022;Maio;264065.23;5
20;A;4000000;DESPESAS OPERACIONAIS;691727.5;85644.51;34843.49;742528.52;0.0;2022;Maio;73621.82;5
20;A;5000000;OUTROS RESULTADOS OPERACIONAIS;25024.39;0.0;0.0;25024.39;0.0;2022;Maio;930.8;5
20;A;3110000;RECEITA DE VENDA MERCADORIAS E SERVICOS;-4612979.29;0.0;413408.32;-5026387.61;0.0;2023;Maio;-591115.91;5
20;A;3140000;CUSTO DE MERCADORIAS E SERVICOS;2416693.61;211997.88;9083.65;2619607.84;0.0;2023;Maio;302655.96;5
20;A;4000000;DESPESAS OPERACIONAIS;685760.53;85989.68;36185.82;735564.39;0.0;2023;Maio;77531.63;5
20;A;5000000;OUTROS RESULTADOS OPERACIONAIS;17626.92;665.06;0.0;18291.98;0.0;2023;Maio;523.14;5
20;A;3110000;RECEITA DE VENDA MERCADORIAS E SERVICOS;-3808724.36;0.0;257184.93;-4065909.29;0.0;2024;Maio;-412313.51;5
20;A;3140000;CUSTO DE MERCADORIAS E SERVICOS;1926450.14;129360.22;1626.65;2054183.71;0.0;2024;Maio;211892.72;5
20;A;4000000;DESPESAS OPERACIONAIS;756603.2;96770.9;31951.68;821422.42;0.0;2024;Maio;72464.9;5
20;A;5000000;OUTROS RESULTADOS OPERACIONAIS;514.44;227.83;0.0;742.27;0.0;2024;Maio;185.5;5
20;A;3110000;RECEITA DE VENDA MERCADORIAS E SERVICOS;-3920484.31;0.0;301512.85;-4221997.16;0.0;2025;Maio;-413299.65;5
20;A;3140000;CUSTO DE MERCADORIAS E SERVICOS;1979260.43;150952.34;1937.63;2128275.14;0.0;2025;Maio;208710.92;5
20;A;4000000;DESPESAS OPERACIONAIS;815524.95;100000.19;25532.37;889992.77;0.0;2025;Maio;67348.72;5
20;A;5000000;OUTROS RESULTADOS OPERACIONAIS;-331.7;723.18;0.0;391.48;0.0;2025;Maio;0.0;5
20;A;3110000;RECEITA DE VENDA MERCADORIAS E SERVICOS;-1641725.26;0.0;323558.49;-1965283.75;0.0;2026;Maio;-354725.52;5
20;A;3140000;CUSTO DE MERCADORIAS E SERVICOS;806674.72;161762.78;1633.82;966803.68;0.0;2026;Maio;174198.04;5
20;A;4000000;DESPESAS OPERACIONAIS;357586.47;76073.25;6058.3;427601.42;0.0;2026;Maio;75823.33;5
20;A;5000000;OUTROS RESULTADOS OPERACIONAIS;1006.92;0.0;2130.78;-1123.86;0.0;2026;Maio;0.0;5
20;A;3110000;RECEITA DE VENDA MERCADORIAS E SERVICOS;-3932256.05;0.0;390850.55;-4323106.6;0.0;2020;Junho;-408723.91;6
20;A;3140000;CUSTO DE MERCADORIAS E SERVICOS;2146853.82;274300.58;4354.5;2416799.9;0.0;2020;Junho;226575.52;6
20;A;4000000;DESPESAS OPERACIONAIS;569600.18;82509.97;20867.52;631242.63;0.0;2020;Junho;51819.73;6
20;A;5000000;OUTROS RESULTADOS OPERACIONAIS;-954.2;0.0;0.0;-954.2;0.0;2020;Junho;2139.07;6
20;A;6111000;OUTRAS RECEITAS;-35910.5;0.0;67632.0;-103542.5;0.0;2020;Junho;0.0;6
20;A;3110000;RECEITA DE VENDA MERCADORIAS E SERVICOS;-4678086.02;0.0;307746.97;-4985832.99;0.0;2021;Junho;-522040.41;6
20;A;3140000;CUSTO DE MERCADORIAS E SERVICOS;2539479.33;165150.37;2565.7;2702064.0;0.0;2021;Junho;282963.82;6
20;A;4000000;DESPESAS OPERACIONAIS;665850.25;81676.55;33962.37;713564.43;0.0;2021;Junho;64211.88;6
20;A;5000000;OUTROS RESULTADOS OPERACIONAIS;308.14;199.9;265.0;243.04;0.0;2021;Junho;1264.83;6
20;A;6111000;OUTRAS RECEITAS;-33000.0;0.0;0.0;-33000.0;0.0;2021;Junho;0.0;6
20;A;3110000;RECEITA DE VENDA MERCADORIAS E SERVICOS;-4863735.18;0.0;319017.75;-5182752.93;0.0;2022;Junho;-453974.33;6
20;A;3140000;CUSTO DE MERCADORIAS E SERVICOS;2578078.01;166921.49;4625.82;2740373.68;0.0;2022;Junho;237959.89;6
20;A;4000000;DESPESAS OPERACIONAIS;691727.5;85644.51;34843.49;742528.52;0.0;2022;Junho;66129.74;6
20;A;5000000;OUTROS RESULTADOS OPERACIONAIS;25024.39;0.0;0.0;25024.39;0.0;2022;Junho;2213.22;6
20;A;3110000;RECEITA DE VENDA MERCADORIAS E SERVICOS;-4612979.29;0.0;413408.32;-5026387.61;0.0;2023;Junho;-400716.59;6
20;A;3140000;CUSTO DE MERCADORIAS E SERVICOS;2416693.61;211997.88;9083.65;2619607.84;0.0;2023;Junho;209697.48;6
20;A;4000000;DESPESAS OPERACIONAIS;685760.53;85989.68;36185.82;735564.39;0.0;2023;Junho;64850.16;6
20;A;5000000;OUTROS RESULTADOS OPERACIONAIS;17626.92;665.06;0.0;18291.98;0.0;2023;Junho;-465.6;6
20;A;3110000;RECEITA DE VENDA MERCADORIAS E SERVICOS;-3808724.36;0.0;257184.93;-4065909.29;0.0;2024;Junho;-330769.8;6
20;A;3140000;CUSTO DE MERCADORIAS E SERVICOS;1926450.14;129360.22;1626.65;2054183.71;0.0;2024;Junho;161620.24;6
20;A;4000000;DESPESAS OPERACIONAIS;756603.2;96770.9;31951.68;821422.42;0.0;2024;Junho;72441.78;6
20;A;5000000;OUTROS RESULTADOS OPERACIONAIS;514.44;227.83;0.0;742.27;0.0;2024;Junho;687.6;6
20;A;3110000;RECEITA DE VENDA MERCADORIAS E SERVICOS;-3920484.31;0.0;301512.85;-4221997.16;0.0;2025;Junho;-340887.99;6
20;A;3140000;CUSTO DE MERCADORIAS E SERVICOS;1979260.43;150952.34;1937.63;2128275.14;0.0;2025;Junho;170012.73;6
20;A;4000000;DESPESAS OPERACIONAIS;815524.95;100000.19;25532.37;889992.77;0.0;2025;Junho;71451.08;6
20;A;5000000;OUTROS RESULTADOS OPERACIONAIS;-331.7;723.18;0.0;391.48;0.0;2025;Junho;-1089.0;6
20;A;3110000;RECEITA DE VENDA MERCADORIAS E SERVICOS;-1641725.26;0.0;323558.49;-1965283.75;0.0;2026;Junho;-323558.49;6
20;A;3140000;CUSTO DE MERCADORIAS E SERVICOS;806674.72;161762.78;1633.82;966803.68;0.0;2026;Junho;160128.96;6
20;A;4000000;DESPESAS OPERACIONAIS;357586.47;76073.25;6058.3;427601.42;0.0;2026;Junho;70014.95;6
20;A;5000000;OUTROS RESULTADOS OPERACIONAIS;1006.92;0.0;2130.78;-1123.86;0.0;2026;Junho;-2130.78;6
20;A;3110000;RECEITA DE VENDA MERCADORIAS E SERVICOS;-3932256.05;0.0;390850.55;-4323106.6;0.0;2020;Julho;-438707.44;7
20;A;3140000;CUSTO DE MERCADORIAS E SERVICOS;2146853.82;274300.58;4354.5;2416799.9;0.0;2020;Julho;241584.74;7
20;A;4000000;DESPESAS OPERACIONAIS;569600.18;82509.97;20867.52;631242.63;0.0;2020;Julho;63002.97;7
20;A;5000000;OUTROS RESULTADOS OPERACIONAIS;-954.2;0.0;0.0;-954.2;0.0;2020;Julho;2279.4;7
20;A;6111000;OUTRAS RECEITAS;-35910.5;0.0;67632.0;-103542.5;0.0;2020;Julho;-17332.0;7
20;A;3110000;RECEITA DE VENDA MERCADORIAS E SERVICOS;-4678086.02;0.0;307746.97;-4985832.99;0.0;2021;Julho;-495970.83;7
20;A;3140000;CUSTO DE MERCADORIAS E SERVICOS;2539479.33;165150.37;2565.7;2702064.0;0.0;2021;Julho;270041.01;7
20;A;4000000;DESPESAS OPERACIONAIS;665850.25;81676.55;33962.37;713564.43;0.0;2021;Julho;68359.13;7
20;A;5000000;OUTROS RESULTADOS OPERACIONAIS;308.14;199.9;265.0;243.04;0.0;2021;Julho;-1999.66;7
20;A;6111000;OUTRAS RECEITAS;-33000.0;0.0;0.0;-33000.0;0.0;2021;Julho;0.0;7
20;A;3110000;RECEITA DE VENDA MERCADORIAS E SERVICOS;-4863735.18;0.0;319017.75;-5182752.93;0.0;2022;Julho;-532185.91;7
20;A;3140000;CUSTO DE MERCADORIAS E SERVICOS;2578078.01;166921.49;4625.82;2740373.68;0.0;2022;Julho;278419.54;7
20;A;4000000;DESPESAS OPERACIONAIS;691727.5;85644.51;34843.49;742528.52;0.0;2022;Julho;70229.29;7
20;A;5000000;OUTROS RESULTADOS OPERACIONAIS;25024.39;0.0;0.0;25024.39;0.0;2022;Julho;3727.0;7
20;A;3110000;RECEITA DE VENDA MERCADORIAS E SERVICOS;-4612979.29;0.0;413408.32;-5026387.61;0.0;2023;Julho;-433156.64;7
20;A;3140000;CUSTO DE MERCADORIAS E SERVICOS;2416693.61;211997.88;9083.65;2619607.84;0.0;2023;Julho;222695.47;7
20;A;4000000;DESPESAS OPERACIONAIS;685760.53;85989.68;36185.82;735564.39;0.0;2023;Julho;63188.65;7
20;A;5000000;OUTROS RESULTADOS OPERACIONAIS;17626.92;665.06;0.0;18291.98;0.0;2023;Julho;3643.28;7
20;A;3110000;RECEITA DE VENDA MERCADORIAS E SERVICOS;-3808724.36;0.0;257184.93;-4065909.29;0.0;2024;Julho;-394729.31;7
20;A;3140000;CUSTO DE MERCADORIAS E SERVICOS;1926450.14;129360.22;1626.65;2054183.71;0.0;2024;Julho;201263.64;7
20;A;4000000;DESPESAS OPERACIONAIS;756603.2;96770.9;31951.68;821422.42;0.0;2024;Julho;70733.1;7
20;A;5000000;OUTROS RESULTADOS OPERACIONAIS;514.44;227.83;0.0;742.27;0.0;2024;Julho;517.3;7
20;A;3110000;RECEITA DE VENDA MERCADORIAS E SERVICOS;-3920484.31;0.0;301512.85;-4221997.16;0.0;2025;Julho;-414969.66;7
20;A;3140000;CUSTO DE MERCADORIAS E SERVICOS;1979260.43;150952.34;1937.63;2128275.14;0.0;2025;Julho;208751.52;7
20;A;4000000;DESPESAS OPERACIONAIS;815524.95;100000.19;25532.37;889992.77;0.0;2025;Julho;84011.34;7
20;A;5000000;OUTROS RESULTADOS OPERACIONAIS;-331.7;723.18;0.0;391.48;0.0;2025;Julho;0.0;7
20;A;3110000;RECEITA DE VENDA MERCADORIAS E SERVICOS;-1641725.26;0.0;323558.49;-1965283.75;0.0;2026;Julho;0.0;7
20;A;3140000;CUSTO DE MERCADORIAS E SERVICOS;806674.72;161762.78;1633.82;966803.68;0.0;2026;Julho;0.0;7
20;A;4000000;DESPESAS OPERACIONAIS;357586.47;76073.25;6058.3;427601.42;0.0;2026;Julho;0.0;7
20;A;5000000;OUTROS RESULTADOS OPERACIONAIS;1006.92;0.0;2130.78;-1123.86;0.0;2026;Julho;0.0;7
20;A;3110000;RECEITA DE VENDA MERCADORIAS E SERVICOS;-3932256.05;0.0;390850.55;-4323106.6;0.0;2020;Agosto;-381638.57;8
20;A;3140000;CUSTO DE MERCADORIAS E SERVICOS;2146853.82;274300.58;4354.5;2416799.9;0.0;2020;Agosto;203959.43;8
20;A;4000000;DESPESAS OPERACIONAIS;569600.18;82509.97;20867.52;631242.63;0.0;2020;Agosto;58782.07;8
20;A;5000000;OUTROS RESULTADOS OPERACIONAIS;-954.2;0.0;0.0;-954.2;0.0;2020;Agosto;-484.78;8
20;A;6111000;OUTRAS RECEITAS;-35910.5;0.0;67632.0;-103542.5;0.0;2020;Agosto;0.0;8
20;A;3110000;RECEITA DE VENDA MERCADORIAS E SERVICOS;-4678086.02;0.0;307746.97;-4985832.99;0.0;2021;Agosto;-390737.09;8
20;A;3140000;CUSTO DE MERCADORIAS E SERVICOS;2539479.33;165150.37;2565.7;2702064.0;0.0;2021;Agosto;209577.19;8
20;A;4000000;DESPESAS OPERACIONAIS;665850.25;81676.55;33962.37;713564.43;0.0;2021;Agosto;44420.15;8
20;A;5000000;OUTROS RESULTADOS OPERACIONAIS;308.14;199.9;265.0;243.04;0.0;2021;Agosto;0.0;8
20;A;6111000;OUTRAS RECEITAS;-33000.0;0.0;0.0;-33000.0;0.0;2021;Agosto;-30000.0;8
20;A;3110000;RECEITA DE VENDA MERCADORIAS E SERVICOS;-4863735.18;0.0;319017.75;-5182752.93;0.0;2022;Agosto;-388683.46;8
20;A;3140000;CUSTO DE MERCADORIAS E SERVICOS;2578078.01;166921.49;4625.82;2740373.68;0.0;2022;Agosto;202189.6;8
20;A;4000000;DESPESAS OPERACIONAIS;691727.5;85644.51;34843.49;742528.52;0.0;2022;Agosto;53987.34;8
20;A;5000000;OUTROS RESULTADOS OPERACIONAIS;25024.39;0.0;0.0;25024.39;0.0;2022;Agosto;9509.23;8
20;A;3110000;RECEITA DE VENDA MERCADORIAS E SERVICOS;-4612979.29;0.0;413408.32;-5026387.61;0.0;2023;Agosto;-414431.54;8
20;A;3140000;CUSTO DE MERCADORIAS E SERVICOS;2416693.61;211997.88;9083.65;2619607.84;0.0;2023;Agosto;223232.45;8
20;A;4000000;DESPESAS OPERACIONAIS;685760.53;85989.68;36185.82;735564.39;0.0;2023;Agosto;54557.94;8
20;A;5000000;OUTROS RESULTADOS OPERACIONAIS;17626.92;665.06;0.0;18291.98;0.0;2023;Agosto;4126.26;8
20;A;3110000;RECEITA DE VENDA MERCADORIAS E SERVICOS;-3808724.36;0.0;257184.93;-4065909.29;0.0;2024;Agosto;-301636.28;8
20;A;3140000;CUSTO DE MERCADORIAS E SERVICOS;1926450.14;129360.22;1626.65;2054183.71;0.0;2024;Agosto;153003.48;8
20;A;4000000;DESPESAS OPERACIONAIS;756603.2;96770.9;31951.68;821422.42;0.0;2024;Agosto;73111.8;8
20;A;5000000;OUTROS RESULTADOS OPERACIONAIS;514.44;227.83;0.0;742.27;0.0;2024;Agosto;975.35;8
20;A;3110000;RECEITA DE VENDA MERCADORIAS E SERVICOS;-3920484.31;0.0;301512.85;-4221997.16;0.0;2025;Agosto;-363168.95;8
20;A;3140000;CUSTO DE MERCADORIAS E SERVICOS;1979260.43;150952.34;1937.63;2128275.14;0.0;2025;Agosto;182282.34;8
20;A;4000000;DESPESAS OPERACIONAIS;815524.95;100000.19;25532.37;889992.77;0.0;2025;Agosto;78663.91;8
20;A;5000000;OUTROS RESULTADOS OPERACIONAIS;-331.7;723.18;0.0;391.48;0.0;2025;Agosto;746.65;8
20;A;3110000;RECEITA DE VENDA MERCADORIAS E SERVICOS;-1641725.26;0.0;323558.49;-1965283.75;0.0;2026;Agosto;0.0;8
20;A;3140000;CUSTO DE MERCADORIAS E SERVICOS;806674.72;161762.78;1633.82;966803.68;0.0;2026;Agosto;0.0;8
20;A;4000000;DESPESAS OPERACIONAIS;357586.47;76073.25;6058.3;427601.42;0.0;2026;Agosto;0.0;8
20;A;5000000;OUTROS RESULTADOS OPERACIONAIS;1006.92;0.0;2130.78;-1123.86;0.0;2026;Agosto;0.0;8
20;A;3110000;RECEITA DE VENDA MERCADORIAS E SERVICOS;-3932256.05;0.0;390850.55;-4323106.6;0.0;2020;Setembro;-438520.15;9
20;A;3140000;CUSTO DE MERCADORIAS E SERVICOS;2146853.82;274300.58;4354.5;2416799.9;0.0;2020;Setembro;234998.16;9
20;A;4000000;DESPESAS OPERACIONAIS;569600.18;82509.97;20867.52;631242.63;0.0;2020;Setembro;53973.11;9
20;A;5000000;OUTROS RESULTADOS OPERACIONAIS;-954.2;0.0;0.0;-954.2;0.0;2020;Setembro;-2414.5;9
20;A;6111000;OUTRAS RECEITAS;-35910.5;0.0;67632.0;-103542.5;0.0;2020;Setembro;0.0;9
20;A;3110000;RECEITA DE VENDA MERCADORIAS E SERVICOS;-4678086.02;0.0;307746.97;-4985832.99;0.0;2021;Setembro;-347072.66;9
20;A;3140000;CUSTO DE MERCADORIAS E SERVICOS;2539479.33;165150.37;2565.7;2702064.0;0.0;2021;Setembro;186040.36;9
20;A;4000000;DESPESAS OPERACIONAIS;665850.25;81676.55;33962.37;713564.43;0.0;2021;Setembro;60789.72;9
20;A;5000000;OUTROS RESULTADOS OPERACIONAIS;308.14;199.9;265.0;243.04;0.0;2021;Setembro;137.2;9
20;A;6111000;OUTRAS RECEITAS;-33000.0;0.0;0.0;-33000.0;0.0;2021;Setembro;0.0;9
20;A;3110000;RECEITA DE VENDA MERCADORIAS E SERVICOS;-4863735.18;0.0;319017.75;-5182752.93;0.0;2022;Setembro;-419839.31;9
20;A;3140000;CUSTO DE MERCADORIAS E SERVICOS;2578078.01;166921.49;4625.82;2740373.68;0.0;2022;Setembro;227681.99;9
20;A;4000000;DESPESAS OPERACIONAIS;691727.5;85644.51;34843.49;742528.52;0.0;2022;Setembro;72440.57;9
20;A;5000000;OUTROS RESULTADOS OPERACIONAIS;25024.39;0.0;0.0;25024.39;0.0;2022;Setembro;4310.9;9
20;A;3110000;RECEITA DE VENDA MERCADORIAS E SERVICOS;-4612979.29;0.0;413408.32;-5026387.61;0.0;2023;Setembro;-335118.44;9
20;A;3140000;CUSTO DE MERCADORIAS E SERVICOS;2416693.61;211997.88;9083.65;2619607.84;0.0;2023;Setembro;169977.58;9
20;A;4000000;DESPESAS OPERACIONAIS;685760.53;85989.68;36185.82;735564.39;0.0;2023;Setembro;53115.55;9
20;A;5000000;OUTROS RESULTADOS OPERACIONAIS;17626.92;665.06;0.0;18291.98;0.0;2023;Setembro;3213.81;9
20;A;3110000;RECEITA DE VENDA MERCADORIAS E SERVICOS;-3808724.36;0.0;257184.93;-4065909.29;0.0;2024;Setembro;-290348.18;9
20;A;3140000;CUSTO DE MERCADORIAS E SERVICOS;1926450.14;129360.22;1626.65;2054183.71;0.0;2024;Setembro;151505.12;9
20;A;4000000;DESPESAS OPERACIONAIS;756603.2;96770.9;31951.68;821422.42;0.0;2024;Setembro;64513.29;9
20;A;5000000;OUTROS RESULTADOS OPERACIONAIS;514.44;227.83;0.0;742.27;0.0;2024;Setembro;200.01;9
20;A;3110000;RECEITA DE VENDA MERCADORIAS E SERVICOS;-3920484.31;0.0;301512.85;-4221997.16;0.0;2025;Setembro;-289802.26;9
20;A;3140000;CUSTO DE MERCADORIAS E SERVICOS;1979260.43;150952.34;1937.63;2128275.14;0.0;2025;Setembro;142493.31;9
20;A;4000000;DESPESAS OPERACIONAIS;815524.95;100000.19;25532.37;889992.77;0.0;2025;Setembro;80945.8;9
20;A;5000000;OUTROS RESULTADOS OPERACIONAIS;-331.7;723.18;0.0;391.48;0.0;2025;Setembro;566.16;9
20;A;3110000;RECEITA DE VENDA MERCADORIAS E SERVICOS;-1641725.26;0.0;323558.49;-1965283.75;0.0;2026;Setembro;0.0;9
20;A;3140000;CUSTO DE MERCADORIAS E SERVICOS;806674.72;161762.78;1633.82;966803.68;0.0;2026;Setembro;0.0;9
20;A;4000000;DESPESAS OPERACIONAIS;357586.47;76073.25;6058.3;427601.42;0.0;2026;Setembro;0.0;9
20;A;5000000;OUTROS RESULTADOS OPERACIONAIS;1006.92;0.0;2130.78;-1123.86;0.0;2026;Setembro;0.0;9
20;A;3110000;RECEITA DE VENDA MERCADORIAS E SERVICOS;-3932256.05;0.0;390850.55;-4323106.6;0.0;2020;Outubro;-456108.46;10
20;A;3140000;CUSTO DE MERCADORIAS E SERVICOS;2146853.82;274300.58;4354.5;2416799.9;0.0;2020;Outubro;237857.2;10
20;A;4000000;DESPESAS OPERACIONAIS;569600.18;82509.97;20867.52;631242.63;0.0;2020;Outubro;55553.51;10
20;A;5000000;OUTROS RESULTADOS OPERACIONAIS;-954.2;0.0;0.0;-954.2;0.0;2020;Outubro;-0.02;10
20;A;6111000;OUTRAS RECEITAS;-35910.5;0.0;67632.0;-103542.5;0.0;2020;Outubro;0.0;10
20;A;3110000;RECEITA DE VENDA MERCADORIAS E SERVICOS;-4678086.02;0.0;307746.97;-4985832.99;0.0;2021;Outubro;-446904.25;10
20;A;3140000;CUSTO DE MERCADORIAS E SERVICOS;2539479.33;165150.37;2565.7;2702064.0;0.0;2021;Outubro;241337.69;10
20;A;4000000;DESPESAS OPERACIONAIS;665850.25;81676.55;33962.37;713564.43;0.0;2021;Outubro;59577.21;10
20;A;5000000;OUTROS RESULTADOS OPERACIONAIS;308.14;199.9;265.0;243.04;0.0;2021;Outubro;-811.37;10
20;A;6111000;OUTRAS RECEITAS;-33000.0;0.0;0.0;-33000.0;0.0;2021;Outubro;0.0;10
20;A;3110000;RECEITA DE VENDA MERCADORIAS E SERVICOS;-4863735.18;0.0;319017.75;-5182752.93;0.0;2022;Outubro;-382108.37;10
20;A;3140000;CUSTO DE MERCADORIAS E SERVICOS;2578078.01;166921.49;4625.82;2740373.68;0.0;2022;Outubro;200938.4;10
20;A;4000000;DESPESAS OPERACIONAIS;691727.5;85644.51;34843.49;742528.52;0.0;2022;Outubro;63821.57;10
20;A;5000000;OUTROS RESULTADOS OPERACIONAIS;25024.39;0.0;0.0;25024.39;0.0;2022;Outubro;4310.85;10
20;A;3110000;RECEITA DE VENDA MERCADORIAS E SERVICOS;-4612979.29;0.0;413408.32;-5026387.61;0.0;2023;Outubro;-349193.59;10
20;A;3140000;CUSTO DE MERCADORIAS E SERVICOS;2416693.61;211997.88;9083.65;2619607.84;0.0;2023;Outubro;178683.81;10
20;A;4000000;DESPESAS OPERACIONAIS;685760.53;85989.68;36185.82;735564.39;0.0;2023;Outubro;54168.6;10
20;A;5000000;OUTROS RESULTADOS OPERACIONAIS;17626.92;665.06;0.0;18291.98;0.0;2023;Outubro;2860.81;10
20;A;3110000;RECEITA DE VENDA MERCADORIAS E SERVICOS;-3808724.36;0.0;257184.93;-4065909.29;0.0;2024;Outubro;-291759.52;10
20;A;3140000;CUSTO DE MERCADORIAS E SERVICOS;1926450.14;129360.22;1626.65;2054183.71;0.0;2024;Outubro;150178.11;10
20;A;4000000;DESPESAS OPERACIONAIS;756603.2;96770.9;31951.68;821422.42;0.0;2024;Outubro;60367.78;10
20;A;5000000;OUTROS RESULTADOS OPERACIONAIS;514.44;227.83;0.0;742.27;0.0;2024;Outubro;166.0;10
20;A;3110000;RECEITA DE VENDA MERCADORIAS E SERVICOS;-3920484.31;0.0;301512.85;-4221997.16;0.0;2025;Outubro;-292001.84;10
20;A;3140000;CUSTO DE MERCADORIAS E SERVICOS;1979260.43;150952.34;1937.63;2128275.14;0.0;2025;Outubro;150822.69;10
20;A;4000000;DESPESAS OPERACIONAIS;815524.95;100000.19;25532.37;889992.77;0.0;2025;Outubro;83730.49;10
20;A;5000000;OUTROS RESULTADOS OPERACIONAIS;-331.7;723.18;0.0;391.48;0.0;2025;Outubro;1163.62;10
20;A;3110000;RECEITA DE VENDA MERCADORIAS E SERVICOS;-1641725.26;0.0;323558.49;-1965283.75;0.0;2026;Outubro;0.0;10
20;A;3140000;CUSTO DE MERCADORIAS E SERVICOS;806674.72;161762.78;1633.82;966803.68;0.0;2026;Outubro;0.0;10
20;A;4000000;DESPESAS OPERACIONAIS;357586.47;76073.25;6058.3;427601.42;0.0;2026;Outubro;0.0;10
20;A;5000000;OUTROS RESULTADOS OPERACIONAIS;1006.92;0.0;2130.78;-1123.86;0.0;2026;Outubro;0.0;10
20;A;3110000;RECEITA DE VENDA MERCADORIAS E SERVICOS;-3932256.05;0.0;390850.55;-4323106.6;0.0;2020;Novembro;-355590.77;11
20;A;3140000;CUSTO DE MERCADORIAS E SERVICOS;2146853.82;274300.58;4354.5;2416799.9;0.0;2020;Novembro;187875.61;11
20;A;4000000;DESPESAS OPERACIONAIS;569600.18;82509.97;20867.52;631242.63;0.0;2020;Novembro;64573.37;11
20;A;5000000;OUTROS RESULTADOS OPERACIONAIS;-954.2;0.0;0.0;-954.2;0.0;2020;Novembro;-496.81;11
20;A;6111000;OUTRAS RECEITAS;-35910.5;0.0;67632.0;-103542.5;0.0;2020;Novembro;0.0;11
20;A;3110000;RECEITA DE VENDA MERCADORIAS E SERVICOS;-4678086.02;0.0;307746.97;-4985832.99;0.0;2021;Novembro;-484893.4;11
20;A;3140000;CUSTO DE MERCADORIAS E SERVICOS;2539479.33;165150.37;2565.7;2702064.0;0.0;2021;Novembro;254199.86;11
20;A;4000000;DESPESAS OPERACIONAIS;665850.25;81676.55;33962.37;713564.43;0.0;2021;Novembro;79606.97;11
20;A;5000000;OUTROS RESULTADOS OPERACIONAIS;308.14;199.9;265.0;243.04;0.0;2021;Novembro;1201.45;11
20;A;6111000;OUTRAS RECEITAS;-33000.0;0.0;0.0;-33000.0;0.0;2021;Novembro;0.0;11
20;A;3110000;RECEITA DE VENDA MERCADORIAS E SERVICOS;-4863735.18;0.0;319017.75;-5182752.93;0.0;2022;Novembro;-442245.05;11
20;A;3140000;CUSTO DE MERCADORIAS E SERVICOS;2578078.01;166921.49;4625.82;2740373.68;0.0;2022;Novembro;236280.07;11
20;A;4000000;DESPESAS OPERACIONAIS;691727.5;85644.51;34843.49;742528.52;0.0;2022;Novembro;68764.46;11
20;A;5000000;OUTROS RESULTADOS OPERACIONAIS;25024.39;0.0;0.0;25024.39;0.0;2022;Novembro;0.0;11
20;A;3110000;RECEITA DE VENDA MERCADORIAS E SERVICOS;-4612979.29;0.0;413408.32;-5026387.61;0.0;2023;Novembro;-349369.04;11
20;A;3140000;CUSTO DE MERCADORIAS E SERVICOS;2416693.61;211997.88;9083.65;2619607.84;0.0;2023;Novembro;183132.83;11
20;A;4000000;DESPESAS OPERACIONAIS;685760.53;85989.68;36185.82;735564.39;0.0;2023;Novembro;64744.56;11
20;A;5000000;OUTROS RESULTADOS OPERACIONAIS;17626.92;665.06;0.0;18291.98;0.0;2023;Novembro;2034.67;11
20;A;3110000;RECEITA DE VENDA MERCADORIAS E SERVICOS;-3808724.36;0.0;257184.93;-4065909.29;0.0;2024;Novembro;-272808.95;11
20;A;3140000;CUSTO DE MERCADORIAS E SERVICOS;1926450.14;129360.22;1626.65;2054183.71;0.0;2024;Novembro;133683.55;11
20;A;4000000;DESPESAS OPERACIONAIS;756603.2;96770.9;31951.68;821422.42;0.0;2024;Novembro;75450.11;11
20;A;5000000;OUTROS RESULTADOS OPERACIONAIS;514.44;227.83;0.0;742.27;0.0;2024;Novembro;-534.06;11
20;A;3110000;RECEITA DE VENDA MERCADORIAS E SERVICOS;-3920484.31;0.0;301512.85;-4221997.16;0.0;2025;Novembro;-303196.21;11
20;A;3140000;CUSTO DE MERCADORIAS E SERVICOS;1979260.43;150952.34;1937.63;2128275.14;0.0;2025;Novembro;149768.67;11
20;A;4000000;DESPESAS OPERACIONAIS;815524.95;100000.19;25532.37;889992.77;0.0;2025;Novembro;58369.07;11
20;A;5000000;OUTROS RESULTADOS OPERACIONAIS;-331.7;723.18;0.0;391.48;0.0;2025;Novembro;-897.44;11
20;A;3110000;RECEITA DE VENDA MERCADORIAS E SERVICOS;-1641725.26;0.0;323558.49;-1965283.75;0.0;2026;Novembro;0.0;11
20;A;3140000;CUSTO DE MERCADORIAS E SERVICOS;806674.72;161762.78;1633.82;966803.68;0.0;2026;Novembro;0.0;11
20;A;4000000;DESPESAS OPERACIONAIS;357586.47;76073.25;6058.3;427601.42;0.0;2026;Novembro;0.0;11
20;A;5000000;OUTROS RESULTADOS OPERACIONAIS;1006.92;0.0;2130.78;-1123.86;0.0;2026;Novembro;0.0;11
20;A;3110000;RECEITA DE VENDA MERCADORIAS E SERVICOS;-3932256.05;0.0;390850.55;-4323106.6;0.0;2020;Dezembro;-390850.55;12
20;A;3140000;CUSTO DE MERCADORIAS E SERVICOS;2146853.82;274300.58;4354.5;2416799.9;0.0;2020;Dezembro;269946.08;12
20;A;4000000;DESPESAS OPERACIONAIS;569600.18;82509.97;20867.52;631242.63;0.0;2020;Dezembro;61642.45;12
20;A;5000000;OUTROS RESULTADOS OPERACIONAIS;-954.2;0.0;0.0;-954.2;0.0;2020;Dezembro;0.0;12
20;A;6111000;OUTRAS RECEITAS;-35910.5;0.0;67632.0;-103542.5;0.0;2020;Dezembro;-67632.0;12
20;A;3110000;RECEITA DE VENDA MERCADORIAS E SERVICOS;-4678086.02;0.0;307746.97;-4985832.99;0.0;2021;Dezembro;-307746.97;12
20;A;3140000;CUSTO DE MERCADORIAS E SERVICOS;2539479.33;165150.37;2565.7;2702064.0;0.0;2021;Dezembro;162584.67;12
20;A;4000000;DESPESAS OPERACIONAIS;665850.25;81676.55;33962.37;713564.43;0.0;2021;Dezembro;47714.18;12
20;A;5000000;OUTROS RESULTADOS OPERACIONAIS;308.14;199.9;265.0;243.04;0.0;2021;Dezembro;-65.1;12
20;A;6111000;OUTRAS RECEITAS;-33000.0;0.0;0.0;-33000.0;0.0;2021;Dezembro;0.0;12
20;A;3110000;RECEITA DE VENDA MERCADORIAS E SERVICOS;-4863735.18;0.0;319017.75;-5182752.93;0.0;2022;Dezembro;-319017.75;12
20;A;3140000;CUSTO DE MERCADORIAS E SERVICOS;2578078.01;166921.49;4625.82;2740373.68;0.0;2022;Dezembro;162295.67;12
20;A;4000000;DESPESAS OPERACIONAIS;691727.5;85644.51;34843.49;742528.52;0.0;2022;Dezembro;50801.02;12
20;A;5000000;OUTROS RESULTADOS OPERACIONAIS;25024.39;0.0;0.0;25024.39;0.0;2022;Dezembro;0.0;12
20;A;3110000;RECEITA DE VENDA MERCADORIAS E SERVICOS;-4612979.29;0.0;413408.32;-5026387.61;0.0;2023;Dezembro;-413408.32;12
20;A;3140000;CUSTO DE MERCADORIAS E SERVICOS;2416693.61;211997.88;9083.65;2619607.84;0.0;2023;Dezembro;202914.23;12
20;A;4000000;DESPESAS OPERACIONAIS;685760.53;85989.68;36185.82;735564.39;0.0;2023;Dezembro;49803.86;12
20;A;5000000;OUTROS RESULTADOS OPERACIONAIS;17626.92;665.06;0.0;18291.98;0.0;2023;Dezembro;665.06;12
20;A;3110000;RECEITA DE VENDA MERCADORIAS E SERVICOS;-3808724.36;0.0;257184.93;-4065909.29;0.0;2024;Dezembro;-257184.93;12
20;A;3140000;CUSTO DE MERCADORIAS E SERVICOS;1926450.14;129360.22;1626.65;2054183.71;0.0;2024;Dezembro;127733.57;12
20;A;4000000;DESPESAS OPERACIONAIS;756603.2;96770.9;31951.68;821422.42;0.0;2024;Dezembro;64819.22;12
20;A;5000000;OUTROS RESULTADOS OPERACIONAIS;514.44;227.83;0.0;742.27;0.0;2024;Dezembro;227.83;12
20;A;3110000;RECEITA DE VENDA MERCADORIAS E SERVICOS;-3920484.31;0.0;301512.85;-4221997.16;0.0;2025;Dezembro;-301512.85;12
20;A;3140000;CUSTO DE MERCADORIAS E SERVICOS;1979260.43;150952.34;1937.63;2128275.14;0.0;2025;Dezembro;149014.71;12
20;A;4000000;DESPESAS OPERACIONAIS;815524.95;100000.19;25532.37;889992.77;0.0;2025;Dezembro;74467.82;12
20;A;5000000;OUTROS RESULTADOS OPERACIONAIS;-331.7;723.18;0.0;391.48;0.0;2025;Dezembro;723.18;12
20;A;3110000;RECEITA DE VENDA MERCADORIAS E SERVICOS;-1641725.26;0.0;323558.49;-1965283.75;0.0;2026;Dezembro;0.0;12
20;A;3140000;CUSTO DE MERCADORIAS E SERVICOS;806674.72;161762.78;1633.82;966803.68;0.0;2026;Dezembro;0.0;12
20;A;4000000;DESPESAS OPERACIONAIS;357586.47;76073.25;6058.3;427601.42;0.0;2026;Dezembro;0.0;12
20;A;5000000;OUTROS RESULTADOS OPERACIONAIS;1006.92;0.0;2130.78;-1123.86;0.0;2026;Dezembro;0.0;12
